id,name,neighborhood_id,created_at
32732,Debee,35497,30/6/1927
98632,Amelia,75234,25/6/2006
42747,Katleen,63997,21/2/2016
32640,Fred,51158,13/12/1949
89908,Meriel,59033,6/3/1915
68332,Tracey,93220,24/3/1997
88093,Tomasina,89955,27/4/1933
69121,Chastity,22359,17/7/1932
27935,Jessamyn,95220,22/12/1935
87535,Elsie,29418,6/7/1942
65565,Micheline,94926,28/1/2016
20442,Willetta,26883,15/3/1960
38404,Ida,52138,10/5/1990
28620,Mariele,7035,25/1/1958
56606,Alleen,19572,15/2/1972
73971,Michaelina,95562,19/7/1908
87965,Rochette,89982,28/8/1961
14981,Karly,63743,20/1/1992
10214,Chloris,46372,21/6/1950
77701,Pearline,2092,20/2/1926
2659,Sophia,39154,13/9/1987
46501,Theodora,40118,20/7/1962
58963,Myriam,34994,25/6/1915
23838,Fidelia,51380,29/6/2002
84717,Anthia,38364,13/1/2009
8784,Kylynn,92929,23/11/2009
40657,Taffy,50017,20/8/1985
9714,Janis,94462,24/12/1910
23914,Cordi,72963,13/4/1959
90932,Briney,73021,13/10/2014
40426,Natka,35331,15/5/1993
60235,Lanae,19895,17/3/1902
21333,Orelia,62341,31/1/1991
82733,Christy,42497,23/10/1972
56890,Dyann,26042,6/7/1949
84789,Lauryn,81848,17/5/1919
84266,Jolyn,83133,7/3/1937
53815,Nelle,19279,13/4/1969
66428,Blake,2890,30/1/1992
44344,Linzy,82973,26/11/1940
80942,Misha,52233,20/12/1927
22549,Renae,10332,30/5/1939
20294,Odessa,38524,2/8/1919
76841,Cordi,42309,16/5/1967
96502,Janenna,9348,19/3/1933
74670,Selia,83677,11/2/1904
3472,Cecile,57387,13/1/1918
22707,Karlee,36034,21/10/1965
65506,Starla,56592,1/7/1919
10043,Coral,53572,16/11/1932
19544,Damaris,15971,21/4/2000
46074,Lauryn,91276,6/5/1945
5926,Cristine,53742,8/12/1901
26845,Brianna,42241,28/1/2002
51079,Mignon,41957,16/8/1970
25725,Rivalee,81299,12/8/1957
96317,Jessamyn,4800,2/6/1901
58444,Aimil,45182,29/11/2008
53767,Dorene,11870,7/11/1931
56363,Antonietta,73229,12/1/1976
57740,Priscilla,46750,10/1/2016
74291,Babita,17774,9/4/1944
80316,Rosabelle,62507,16/3/1975
68515,Fred,60865,3/5/1906
87494,Nataline,67109,19/12/1927
84514,Aryn,14730,11/3/1996
70985,Cindelyn,48419,20/10/2009
34154,Kellen,21512,14/10/1922
71983,Teriann,90380,29/5/1991
43355,Sindee,43052,28/6/1912
88335,Sarette,54107,27/10/2005
2113,Christal,40333,20/7/2012
84564,Deloria,33483,31/12/1993
34998,Ulrike,74897,28/10/1909
71851,Ana,2118,26/6/1952
37991,Anica,69892,18/2/1916
92828,Laure,54530,25/12/1962
88515,Carolina,1324,23/8/1975
82884,Marleah,50149,25/10/1940
51235,Arabel,18905,21/10/1920
53192,Cyndie,10389,5/7/1953
64181,Ekaterina,19793,13/2/1952
44430,Lonnie,71543,24/11/1919
50165,Marinna,41564,14/7/1994
48095,Darlleen,90426,9/7/1926
19864,Valli,42454,18/3/1997
73533,Hyacinthe,50704,18/11/1973
15660,Bobinette,42279,11/4/1960
75379,Lanae,83839,19/4/2012
62201,Odessa,67781,4/12/1906
33996,Jsandye,6621,9/6/1913
10900,Aurelie,49059,22/2/1943
30925,Elmira,40470,10/6/1941
72552,Darlleen,21478,31/8/1973
56337,Albertina,84377,17/8/1989
94915,Madeleine,42234,25/8/2003
32369,Roseline,47290,17/1/2004
10894,Antonietta,37270,1/7/1908
74493,Lucy,91486,22/5/1942
35952,Nollie,34386,27/3/1981
